1	2402862	sv_5
1	9814240	sv_11
1	11738241	sv_15
1	12338418	sv_18
1	13101822	sv_22
1	21651405	sv_25
1	21651406	sv_26
1	25094392	sv_30
1	39606217	sv_43
1	47629329	sv_48
1	62061319	sv_60
1	64456625	sv_63
1	65052256	sv_64
1	66201997	sv_69
1	67087014	sv_70
1	98685474	sv_106
1	102174592	sv_111
1	102622277	sv_112
1	105341471	sv_115
1	107580932	sv_122
1	111970091	sv_133
1	119025056	sv_136
1	128712948	sv_152
1	135146016	sv_157
1	139311795	sv_158
1	149662574	sv_169
1	152827540	sv_175
1	153287773	sv_178
1	153305960	sv_179
1	154119817	sv_184
1	154837732	sv_186
1	155707973	sv_189
1	166261670	sv_199
1	166397848	sv_204
1	172316297	sv_211
1	175865264	sv_229
1	180559581	sv_242
1	181692193	sv_245
1	182506388	sv_246
1	183892261	sv_248
1	188364515	sv_256
1	195513574	sv_258
1	196844710	sv_261
1	209612633	sv_282
1	209931949	sv_283
2	30825135	sv_354
2	33768737	sv_359
2	38170110	sv_361
2	40172570	sv_364
2	43424903	sv_365
2	62822144	sv_388
2	67659994	sv_391
2	68411832	sv_395
2	75342366	sv_400
2	75935387	sv_402
2	76571755	sv_403
2	83484693	sv_406
2	85442521	sv_409
2	87005879	sv_415
2	87299652	sv_416
2	88375723	sv_422
2	90607496	sv_428
2	91250847	sv_431
2	96290786	sv_438
2	96821804	sv_439
2	98792873	sv_443
2	117311648	sv_465
2	124163371	sv_472
2	127049849	sv_474
2	136825538	sv_483
2	158407651	sv_507
2	158800423	sv_510
2	187404368	sv_537
2	190401638	sv_541
2	190784714	sv_545
2	199274259	sv_551
2	199681590	sv_554
2	202151178	sv_555
2	208526377	sv_564
2	224563762	sv_576
1	20713441	snv_1
1	30208641	snv_3
1	37604297	snv_5
1	39579904	snv_6
1	54226697	snv_8
1	71114521	snv_11
1	108063391	snv_13
1	124489403	snv_16
1	125084846	snv_17
1	144530698	snv_22
1	144998620	snv_23
1	149342846	snv_24
1	149844255	snv_25
1	151663830	snv_27
1	173581917	snv_29
1	180253284	snv_32
1	183906680	snv_33
1	193183909	snv_34
1	209620117	snv_38
1	221021033	snv_41
2	29907505	snv_46
2	31982410	snv_48
2	39492415	snv_50
2	42716168	snv_51
2	57133853	snv_54
2	59770339	snv_55
2	60152575	snv_56
2	70115262	snv_59
2	76894100	snv_60
2	85974481	snv_61
2	92645718	snv_63
2	94032115	snv_64
2	118206854	snv_70
2	133689350	snv_71
2	135921291	snv_72
2	136507585	snv_73
2	160899712	snv_80
2	215147576	snv_83
2	222702046	snv_84
2	230135618	snv_86
1	0	cnv0
1	921887	cnv1
1	1750980	cnv2
1	2402862	cnv3
1	3645304	cnv4
1	7471724	cnv5
1	9814240	cnv6
1	11677211	cnv7
1	11738241	cnv8
1	12079823	cnv9
1	12338419	cnv10
1	12774994	cnv11
1	13101823	cnv12
1	15011022	cnv13
1	21651406	cnv14
1	22133722	cnv15
1	25094392	cnv16
1	27848509	cnv17
1	31267171	cnv18
1	31973147	cnv19
1	32416011	cnv20
1	34615358	cnv21
1	34938347	cnv22
1	38288282	cnv23
1	39606218	cnv24
1	41366667	cnv25
1	46408416	cnv26
1	47629330	cnv27
1	47751025	cnv28
1	47827617	cnv29
1	49025308	cnv30
1	55539639	cnv31
1	56213720	cnv32
1	57057445	cnv33
1	57796530	cnv34
1	59924491	cnv35
1	62061320	cnv36
1	63942698	cnv37
1	64456625	cnv38
1	65052256	cnv39
1	65125548	cnv40
1	66165744	cnv41
1	66201997	cnv42
1	67087015	cnv43
1	67094656	cnv44
1	67126050	cnv45
1	67234679	cnv46
1	67407067	cnv47
1	67435359	cnv48
1	68062854	cnv49
1	68484916	cnv50
1	68707177	cnv51
1	78990843	cnv52
1	81207571	cnv53
1	81901605	cnv54
1	83150964	cnv55
1	83259913	cnv56
1	83810196	cnv57
1	83860989	cnv58
1	87263451	cnv59
1	87904593	cnv60
1	88508392	cnv61
1	88918352	cnv62
1	89439856	cnv63
1	89531813	cnv64
1	91064106	cnv65
1	92020051	cnv66
1	92278149	cnv67
1	92398597	cnv68
1	93877326	cnv69
1	94158153	cnv70
1	94362248	cnv71
1	94496027	cnv72
1	94620571	cnv73
1	95275836	cnv74
1	95963602	cnv75
1	96805189	cnv76
1	97376516	cnv77
1	98053527	cnv78
1	98685475	cnv79
1	99273104	cnv80
1	99955647	cnv81
1	100446409	cnv82
1	102174593	cnv83
1	102622277	cnv84
1	103621281	cnv85
1	105293952	cnv86
1	105341472	cnv87
1	106257914	cnv88
1	106968640	cnv89
1	107030864	cnv90
1	107580933	cnv91
1	108511364	cnv92
1	108860034	cnv93
1	110711687	cnv94
1	111022247	cnv95
1	111905193	cnv96
1	111970091	cnv97
1	113895818	cnv98
1	119025057	cnv99
1	120252992	cnv100
1	121479694	cnv101
1	122135071	cnv102
1	122228371	cnv103
1	123554031	cnv104
1	124798862	cnv105
1	125045335	cnv106
1	125191606	cnv107
1	128253940	cnv108
1	128477428	cnv109
1	128712948	cnv110
1	130204527	cnv111
1	134127871	cnv112
1	134482008	cnv113
1	134867341	cnv114
1	135146017	cnv115
1	136500935	cnv116
1	139311795	cnv117
1	139583247	cnv118
1	139948144	cnv119
1	142366364	cnv120
1	144414572	cnv121
1	145645620	cnv122
1	147415258	cnv123
1	148026668	cnv124
1	149508893	cnv125
1	149662575	cnv126
1	151031145	cnv127
1	152162736	cnv128
1	152443738	cnv129
1	152827540	cnv130
1	152831800	cnv131
1	153287773	cnv132
1	153305961	cnv133
1	153343361	cnv134
1	153453398	cnv135
1	154119817	cnv136
1	154837732	cnv137
1	155033003	cnv138
1	155707974	cnv139
1	157190891	cnv140
1	157987816	cnv141
1	158601094	cnv142
1	158774695	cnv143
1	159661648	cnv144
1	162380742	cnv145
1	165435043	cnv146
1	166261671	cnv147
1	166327366	cnv148
1	166397848	cnv149
1	166838864	cnv150
1	166876615	cnv151
1	170868468	cnv152
1	172316297	cnv153
1	173400366	cnv154
1	173587061	cnv155
1	173658748	cnv156
1	173885607	cnv157
1	174306270	cnv158
1	174889071	cnv159
1	175305495	cnv160
1	175402062	cnv161
1	175527744	cnv162
1	175821459	cnv163
1	175865264	cnv164
1	175906214	cnv165
1	176750323	cnv166
1	177009254	cnv167
1	177366628	cnv168
1	177805435	cnv169
1	178006518	cnv170
1	178229695	cnv171
1	178646048	cnv172
1	179042384	cnv173
1	180559581	cnv174
1	180631115	cnv175
1	181692193	cnv176
1	182506389	cnv177
1	183295544	cnv178
1	183359069	cnv179
1	183892262	cnv180
1	184046847	cnv181
1	184247892	cnv182
1	184330047	cnv183
1	184995556	cnv184
1	186164878	cnv185
1	186304046	cnv186
1	186418701	cnv187
1	188364516	cnv188
1	192973334	cnv189
1	195513574	cnv190
1	195751520	cnv191
1	196844710	cnv192
1	197114610	cnv193
1	200384281	cnv194
1	201462552	cnv195
1	201821999	cnv196
1	202874776	cnv197
1	204003042	cnv198
1	204558040	cnv199
1	204962383	cnv200
1	205136515	cnv201
1	208179079	cnv202
1	208879347	cnv203
1	209415633	cnv204
1	209443413	cnv205
1	209453031	cnv206
1	209612633	cnv207
1	209931949	cnv208
1	210395374	cnv209
1	210627601	cnv210
1	210941244	cnv211
1	211234260	cnv212
1	214012563	cnv213
1	214055079	cnv214
1	216147362	cnv215
1	216457004	cnv216
1	219750241	cnv217
1	222513765	cnv218
1	224355368	cnv219
1	224506024	cnv220
1	227365290	cnv221
1	227780408	cnv222
1	233640656	cnv223
1	236422213	cnv224
1	236782214	cnv225
1	236993390	cnv226
1	237327198	cnv227
1	238880341	cnv228
1	239118671	cnv229
1	240331981	cnv230
1	240806082	cnv231
1	241481590	cnv232
1	243338701	cnv233
1	244379806	cnv234
1	245680402	cnv235
2	0	cnv236
2	266950	cnv237
2	418990	cnv238
2	2657966	cnv239
2	4240052	cnv240
2	5056554	cnv241
2	5778441	cnv242
2	6390538	cnv243
2	6541301	cnv244
2	6579668	cnv245
2	12180516	cnv246
2	16956286	cnv247
2	17198647	cnv248
2	17568108	cnv249
2	18011180	cnv250
2	20855890	cnv251
2	22060071	cnv252
2	23181090	cnv253
2	26994132	cnv254
2	27803947	cnv255
2	30760898	cnv256
2	30825136	cnv257
2	31861220	cnv258
2	32769938	cnv259
2	33768737	cnv260
2	35795101	cnv261
2	38170111	cnv262
2	39993284	cnv263
2	40172570	cnv264
2	43424904	cnv265
2	50091519	cnv266
2	50629327	cnv267
2	50886202	cnv268
2	51326318	cnv269
2	51838073	cnv270
2	52250728	cnv271
2	52417907	cnv272
2	52888063	cnv273
2	52954761	cnv274
2	53000796	cnv275
2	54056509	cnv276
2	55025945	cnv277
2	55210179	cnv278
2	55981214	cnv279
2	56311638	cnv280
2	57214693	cnv281
2	60163116	cnv282
2	61315961	cnv283
2	62664668	cnv284
2	62822145	cnv285
2	63862484	cnv286
2	65714657	cnv287
2	67659994	cnv288
2	67910880	cnv289
2	68411832	cnv290
2	69213670	cnv291
2	71505956	cnv292
2	73056775	cnv293
2	75342366	cnv294
2	75510760	cnv295
2	75935387	cnv296
2	76571756	cnv297
2	80871820	cnv298
2	81417777	cnv299
2	82952978	cnv300
2	83484694	cnv301
2	84868458	cnv302
2	85442521	cnv303
2	86090587	cnv304
2	86225937	cnv305
2	86264645	cnv306
2	87005879	cnv307
2	87299653	cnv308
2	87593567	cnv309
2	87861935	cnv310
2	88375723	cnv311
2	89217522	cnv312
2	89300443	cnv313
2	89671217	cnv314
2	90128612	cnv315
2	90199075	cnv316
2	90607496	cnv317
2	90962444	cnv318
2	91001565	cnv319
2	91250848	cnv320
2	92316692	cnv321
2	93541528	cnv322
2	93591684	cnv323
2	96290786	cnv324
2	96821804	cnv325
2	96965528	cnv326
2	98117352	cnv327
2	98792874	cnv328
2	101127408	cnv329
2	101589893	cnv330
2	103613101	cnv331
2	104539700	cnv332
2	105155185	cnv333
2	111286838	cnv334
2	111980794	cnv335
2	112525987	cnv336
2	112677408	cnv337
2	112839269	cnv338
2	113627821	cnv339
2	114812124	cnv340
2	116221559	cnv341
2	117311648	cnv342
2	119282387	cnv343
2	120275632	cnv344
2	121298239	cnv345
2	122777285	cnv346
2	124163372	cnv347
2	127049850	cnv348
2	128975264	cnv349
2	129066079	cnv350
2	130889531	cnv351
2	132047058	cnv352
2	132313902	cnv353
2	134175898	cnv354
2	135534719	cnv355
2	135582164	cnv356
2	136728033	cnv357
2	136825538	cnv358
2	136985073	cnv359
2	137079530	cnv360
2	137274218	cnv361
2	137949485	cnv362
2	138227117	cnv363
2	138592700	cnv364
2	138808346	cnv365
2	139239578	cnv366
2	141350140	cnv367
2	142306309	cnv368
2	145819494	cnv369
2	149772147	cnv370
2	150368887	cnv371
2	152390781	cnv372
2	153399814	cnv373
2	154086941	cnv374
2	154962777	cnv375
2	156394075	cnv376
2	157526303	cnv377
2	158407651	cnv378
2	158715782	cnv379
2	158800423	cnv380
2	161174485	cnv381
2	161587692	cnv382
2	161751756	cnv383
2	162343857	cnv384
2	162804719	cnv385
2	163371070	cnv386
2	164179575	cnv387
2	165155838	cnv388
2	166029155	cnv389
2	166979612	cnv390
2	168823617	cnv391
2	172073752	cnv392
2	172143474	cnv393
2	172379410	cnv394
2	178234051	cnv395
2	179638521	cnv396
2	182130746	cnv397
2	182340411	cnv398
2	183334365	cnv399
2	184495130	cnv400
2	187155995	cnv401
2	187404368	cnv402
2	187966565	cnv403
2	188048000	cnv404
2	188232439	cnv405
2	190401639	cnv406
2	190417961	cnv407
2	190503833	cnv408
2	190784715	cnv409
2	191628566	cnv410
2	192376031	cnv411
2	197789868	cnv412
2	199274260	cnv413
2	199290371	cnv414
2	199681590	cnv415
2	202151179	cnv416
2	204244869	cnv417
2	204329610	cnv418
2	204770435	cnv419
2	206947161	cnv420
2	208526378	cnv421
2	209453317	cnv422
2	212819414	cnv423
2	213067345	cnv424
2	213258091	cnv425
2	213644573	cnv426
2	213799424	cnv427
2	214524906	cnv428
2	216357974	cnv429
2	216514587	cnv430
2	218240476	cnv431
2	223545247	cnv432
2	224304658	cnv433
2	224563762	cnv434
2	227292697	cnv435
2	227552909	cnv436
2	229255368	cnv437
2	230899526	cnv438
2	232691391	cnv439
2	233520313	cnv440
2	236232665	cnv441
2	236679030	cnv442
2	236712434	cnv443
2	236928751	cnv444
2	237473059	cnv445
2	238634195	cnv446
2	238713408	cnv447
2	239380392	cnv448
2	241211782	cnv449
2	241851351	cnv450
2	241879297	cnv451
1	0	cnv0
1	921887	cnv1
1	1750980	cnv2
1	2402862	cnv3
1	3645304	cnv4
1	7471724	cnv5
1	9814240	cnv6
1	11677211	cnv7
1	11738241	cnv8
1	12079823	cnv9
1	12338419	cnv10
1	12774994	cnv11
1	13101823	cnv12
1	15011022	cnv13
1	21651406	cnv14
1	22133722	cnv15
1	25094392	cnv16
1	27848509	cnv17
1	31267171	cnv18
1	31973147	cnv19
1	32416011	cnv20
1	34615358	cnv21
1	34938347	cnv22
1	38288282	cnv23
1	39606218	cnv24
1	41366667	cnv25
1	46408416	cnv26
1	47629330	cnv27
1	47751025	cnv28
1	47827617	cnv29
1	49025308	cnv30
1	55539639	cnv31
1	56213720	cnv32
1	57057445	cnv33
1	57796530	cnv34
1	59924491	cnv35
1	62061320	cnv36
1	63942698	cnv37
1	64456625	cnv38
1	65052256	cnv39
1	65125548	cnv40
1	66165744	cnv41
1	66201997	cnv42
1	67087015	cnv43
1	67094656	cnv44
1	67126050	cnv45
1	67234679	cnv46
1	67407067	cnv47
1	67435359	cnv48
1	68062854	cnv49
1	68484916	cnv50
1	68707177	cnv51
1	78990843	cnv52
1	81207571	cnv53
1	81901605	cnv54
1	83150964	cnv55
1	83259913	cnv56
1	83810196	cnv57
1	83860989	cnv58
1	87263451	cnv59
1	87904593	cnv60
1	88508392	cnv61
1	88918352	cnv62
1	89439856	cnv63
1	89531813	cnv64
1	91064106	cnv65
1	92020051	cnv66
1	92278149	cnv67
1	92398597	cnv68
1	93877326	cnv69
1	94158153	cnv70
1	94362248	cnv71
1	94496027	cnv72
1	94620571	cnv73
1	95275836	cnv74
1	95963602	cnv75
1	96805189	cnv76
1	97376516	cnv77
1	98053527	cnv78
1	98685475	cnv79
1	99273104	cnv80
1	99955647	cnv81
1	100446409	cnv82
1	102174593	cnv83
1	102622277	cnv84
1	103621281	cnv85
1	105293952	cnv86
1	105341472	cnv87
1	106257914	cnv88
1	106968640	cnv89
1	107030864	cnv90
1	107580933	cnv91
1	108511364	cnv92
1	108860034	cnv93
1	110711687	cnv94
1	111022247	cnv95
1	111905193	cnv96
1	111970091	cnv97
1	113895818	cnv98
1	119025057	cnv99
1	120252992	cnv100
1	121479694	cnv101
1	122135071	cnv102
1	122228371	cnv103
1	123554031	cnv104
1	124798862	cnv105
1	125045335	cnv106
1	125191606	cnv107
1	128253940	cnv108
1	128477428	cnv109
1	128712948	cnv110
1	130204527	cnv111
1	134127871	cnv112
1	134482008	cnv113
1	134867341	cnv114
1	135146017	cnv115
1	136500935	cnv116
1	139311795	cnv117
1	139583247	cnv118
1	139948144	cnv119
1	142366364	cnv120
1	144414572	cnv121
1	145645620	cnv122
1	147415258	cnv123
1	148026668	cnv124
1	149508893	cnv125
1	149662575	cnv126
1	151031145	cnv127
1	152162736	cnv128
1	152443738	cnv129
1	152827540	cnv130
1	152831800	cnv131
1	153287773	cnv132
1	153305961	cnv133
1	153343361	cnv134
1	153453398	cnv135
1	154119817	cnv136
1	154837732	cnv137
1	155033003	cnv138
1	155707974	cnv139
1	157190891	cnv140
1	157987816	cnv141
1	158601094	cnv142
1	158774695	cnv143
1	159661648	cnv144
1	162380742	cnv145
1	165435043	cnv146
1	166261671	cnv147
1	166327366	cnv148
1	166397848	cnv149
1	166838864	cnv150
1	166876615	cnv151
1	170868468	cnv152
1	172316297	cnv153
1	173400366	cnv154
1	173587061	cnv155
1	173658748	cnv156
1	173885607	cnv157
1	174306270	cnv158
1	174889071	cnv159
1	175305495	cnv160
1	175402062	cnv161
1	175527744	cnv162
1	175821459	cnv163
1	175865264	cnv164
1	175906214	cnv165
1	176750323	cnv166
1	177009254	cnv167
1	177366628	cnv168
1	177805435	cnv169
1	178006518	cnv170
1	178229695	cnv171
1	178646048	cnv172
1	179042384	cnv173
1	180559581	cnv174
1	180631115	cnv175
1	181692193	cnv176
1	182506389	cnv177
1	183295544	cnv178
1	183359069	cnv179
1	183892262	cnv180
1	184046847	cnv181
1	184247892	cnv182
1	184330047	cnv183
1	184995556	cnv184
1	186164878	cnv185
1	186304046	cnv186
1	186418701	cnv187
1	188364516	cnv188
1	192973334	cnv189
1	195513574	cnv190
1	195751520	cnv191
1	196844710	cnv192
1	197114610	cnv193
1	200384281	cnv194
1	201462552	cnv195
1	201821999	cnv196
1	202874776	cnv197
1	204003042	cnv198
1	204558040	cnv199
1	204962383	cnv200
1	205136515	cnv201
1	208179079	cnv202
1	208879347	cnv203
1	209415633	cnv204
1	209443413	cnv205
1	209453031	cnv206
1	209612633	cnv207
1	209931949	cnv208
1	210395374	cnv209
1	210627601	cnv210
1	210941244	cnv211
1	211234260	cnv212
1	214012563	cnv213
1	214055079	cnv214
1	216147362	cnv215
1	216457004	cnv216
1	219750241	cnv217
1	222513765	cnv218
1	224355368	cnv219
1	224506024	cnv220
1	227365290	cnv221
1	227780408	cnv222
1	233640656	cnv223
1	236422213	cnv224
1	236782214	cnv225
1	236993390	cnv226
1	237327198	cnv227
1	238880341	cnv228
1	239118671	cnv229
1	240331981	cnv230
1	240806082	cnv231
1	241481590	cnv232
1	243338701	cnv233
1	244379806	cnv234
1	245680402	cnv235
2	0	cnv236
2	266950	cnv237
2	418990	cnv238
2	2657966	cnv239
2	4240052	cnv240
2	5056554	cnv241
2	5778441	cnv242
2	6390538	cnv243
2	6541301	cnv244
2	6579668	cnv245
2	12180516	cnv246
2	16956286	cnv247
2	17198647	cnv248
2	17568108	cnv249
2	18011180	cnv250
2	20855890	cnv251
2	22060071	cnv252
2	23181090	cnv253
2	26994132	cnv254
2	27803947	cnv255
2	30760898	cnv256
2	30825136	cnv257
2	31861220	cnv258
2	32769938	cnv259
2	33768737	cnv260
2	35795101	cnv261
2	38170111	cnv262
2	39993284	cnv263
2	40172570	cnv264
2	43424904	cnv265
2	50091519	cnv266
2	50629327	cnv267
2	50886202	cnv268
2	51326318	cnv269
2	51838073	cnv270
2	52250728	cnv271
2	52417907	cnv272
2	52888063	cnv273
2	52954761	cnv274
2	53000796	cnv275
2	54056509	cnv276
2	55025945	cnv277
2	55210179	cnv278
2	55981214	cnv279
2	56311638	cnv280
2	57214693	cnv281
2	60163116	cnv282
2	61315961	cnv283
2	62664668	cnv284
2	62822145	cnv285
2	63862484	cnv286
2	65714657	cnv287
2	67659994	cnv288
2	67910880	cnv289
2	68411832	cnv290
2	69213670	cnv291
2	71505956	cnv292
2	73056775	cnv293
2	75342366	cnv294
2	75510760	cnv295
2	75935387	cnv296
2	76571756	cnv297
2	80871820	cnv298
2	81417777	cnv299
2	82952978	cnv300
2	83484694	cnv301
2	84868458	cnv302
2	85442521	cnv303
2	86090587	cnv304
2	86225937	cnv305
2	86264645	cnv306
2	87005879	cnv307
2	87299653	cnv308
2	87593567	cnv309
2	87861935	cnv310
2	88375723	cnv311
2	89217522	cnv312
2	89300443	cnv313
2	89671217	cnv314
2	90128612	cnv315
2	90199075	cnv316
2	90607496	cnv317
2	90962444	cnv318
2	91001565	cnv319
2	91250848	cnv320
2	92316692	cnv321
2	93541528	cnv322
2	93591684	cnv323
2	96290786	cnv324
2	96821804	cnv325
2	96965528	cnv326
2	98117352	cnv327
2	98792874	cnv328
2	101127408	cnv329
2	101589893	cnv330
2	103613101	cnv331
2	104539700	cnv332
2	105155185	cnv333
2	111286838	cnv334
2	111980794	cnv335
2	112525987	cnv336
2	112677408	cnv337
2	112839269	cnv338
2	113627821	cnv339
2	114812124	cnv340
2	116221559	cnv341
2	117311648	cnv342
2	119282387	cnv343
2	120275632	cnv344
2	121298239	cnv345
2	122777285	cnv346
2	124163372	cnv347
2	127049850	cnv348
2	128975264	cnv349
2	129066079	cnv350
2	130889531	cnv351
2	132047058	cnv352
2	132313902	cnv353
2	134175898	cnv354
2	135534719	cnv355
2	135582164	cnv356
2	136728033	cnv357
2	136825538	cnv358
2	136985073	cnv359
2	137079530	cnv360
2	137274218	cnv361
2	137949485	cnv362
2	138227117	cnv363
2	138592700	cnv364
2	138808346	cnv365
2	139239578	cnv366
2	141350140	cnv367
2	142306309	cnv368
2	145819494	cnv369
2	149772147	cnv370
2	150368887	cnv371
2	152390781	cnv372
2	153399814	cnv373
2	154086941	cnv374
2	154962777	cnv375
2	156394075	cnv376
2	157526303	cnv377
2	158407651	cnv378
2	158715782	cnv379
2	158800423	cnv380
2	161174485	cnv381
2	161587692	cnv382
2	161751756	cnv383
2	162343857	cnv384
2	162804719	cnv385
2	163371070	cnv386
2	164179575	cnv387
2	165155838	cnv388
2	166029155	cnv389
2	166979612	cnv390
2	168823617	cnv391
2	172073752	cnv392
2	172143474	cnv393
2	172379410	cnv394
2	178234051	cnv395
2	179638521	cnv396
2	182130746	cnv397
2	182340411	cnv398
2	183334365	cnv399
2	184495130	cnv400
2	187155995	cnv401
2	187404368	cnv402
2	187966565	cnv403
2	188048000	cnv404
2	188232439	cnv405
2	190401639	cnv406
2	190417961	cnv407
2	190503833	cnv408
2	190784715	cnv409
2	191628566	cnv410
2	192376031	cnv411
2	197789868	cnv412
2	199274260	cnv413
2	199290371	cnv414
2	199681590	cnv415
2	202151179	cnv416
2	204244869	cnv417
2	204329610	cnv418
2	204770435	cnv419
2	206947161	cnv420
2	208526378	cnv421
2	209453317	cnv422
2	212819414	cnv423
2	213067345	cnv424
2	213258091	cnv425
2	213644573	cnv426
2	213799424	cnv427
2	214524906	cnv428
2	216357974	cnv429
2	216514587	cnv430
2	218240476	cnv431
2	223545247	cnv432
2	224304658	cnv433
2	224563762	cnv434
2	227292697	cnv435
2	227552909	cnv436
2	229255368	cnv437
2	230899526	cnv438
2	232691391	cnv439
2	233520313	cnv440
2	236232665	cnv441
2	236679030	cnv442
2	236712434	cnv443
2	236928751	cnv444
2	237473059	cnv445
2	238634195	cnv446
2	238713408	cnv447
2	239380392	cnv448
2	241211782	cnv449
2	241851351	cnv450
2	241879297	cnv451
