1	921886	sv_0
1	921887	sv_1
1	1750979	sv_2
1	1750980	sv_3
1	2402861	sv_4
1	3645303	sv_6
1	3645304	sv_7
1	7471723	sv_8
1	7471724	sv_9
1	9814239	sv_10
1	11677210	sv_12
1	11677211	sv_13
1	11738240	sv_14
1	12079822	sv_16
1	12079823	sv_17
1	12338419	sv_19
1	12774993	sv_20
1	12774994	sv_21
1	15011021	sv_23
1	15011022	sv_24
1	22133721	sv_27
1	22133722	sv_28
1	25094391	sv_29
1	27848508	sv_31
1	27848509	sv_32
1	31267171	sv_33
1	31973146	sv_34
1	31973147	sv_35
1	32416010	sv_36
1	32416011	sv_37
1	34615357	sv_38
1	34615358	sv_39
1	34938346	sv_40
1	34938347	sv_41
1	38288281	sv_42
1	39606218	sv_44
1	41366666	sv_45
1	41366667	sv_46
1	46408416	sv_47
1	47629330	sv_49
1	47751024	sv_50
1	47827616	sv_51
1	49025308	sv_52
1	55539638	sv_53
1	55539639	sv_54
1	56213719	sv_55
1	56213720	sv_56
1	57057445	sv_57
1	57796529	sv_58
1	59924490	sv_59
1	63942698	sv_61
1	64456624	sv_62
1	65125547	sv_65
1	65125548	sv_66
1	66165743	sv_67
1	66165744	sv_68
1	67094655	sv_71
1	67126049	sv_72
1	67234679	sv_73
1	67407067	sv_74
1	67435358	sv_75
1	68062854	sv_76
1	68484915	sv_77
1	68707176	sv_78
1	78990843	sv_79
1	81207570	sv_80
1	81207571	sv_81
1	81901605	sv_82
1	83150964	sv_83
1	83259912	sv_84
1	83810195	sv_85
1	83860988	sv_86
1	83860989	sv_87
1	87263451	sv_88
1	87904593	sv_89
1	88508391	sv_90
1	88918352	sv_91
1	89439855	sv_92
1	89531812	sv_93
1	91064105	sv_94
1	92020050	sv_95
1	93877326	sv_96
1	94496027	sv_97
1	94620570	sv_98
1	94620571	sv_99
1	95275835	sv_100
1	95963601	sv_101
1	96805189	sv_102
1	97376515	sv_103
1	97376516	sv_104
1	98053527	sv_105
1	98685475	sv_107
1	99273103	sv_108
1	99955647	sv_109
1	100446408	sv_110
1	103621281	sv_113
1	105293952	sv_114
1	105341472	sv_116
1	106257914	sv_117
1	106968639	sv_118
1	106968640	sv_119
1	107030863	sv_120
1	107030864	sv_121
1	107580933	sv_123
1	108511364	sv_124
1	108860033	sv_125
1	108860034	sv_126
1	110711687	sv_127
1	111022246	sv_128
1	111022247	sv_129
1	111905192	sv_130
1	111905193	sv_131
1	111970090	sv_132
1	113895817	sv_134
1	113895818	sv_135
1	119025057	sv_137
1	120252991	sv_138
1	121479694	sv_139
1	122135070	sv_140
1	122135071	sv_141
1	122228370	sv_142
1	122228371	sv_143
1	123554031	sv_144
1	124798861	sv_145
1	124798862	sv_146
1	125045335	sv_147
1	125191605	sv_148
1	128253940	sv_149
1	128477427	sv_150
1	128712947	sv_151
1	130204526	sv_153
1	134127870	sv_154
1	134482007	sv_155
1	134867341	sv_156
1	139583246	sv_159
1	139583247	sv_160
1	139948143	sv_161
1	142366364	sv_162
1	144414572	sv_163
1	145645620	sv_164
1	147415258	sv_165
1	148026667	sv_166
1	148026668	sv_167
1	149508892	sv_168
1	149662575	sv_170
1	151031145	sv_171
1	152162736	sv_172
1	152443737	sv_173
1	152827539	sv_174
1	152831799	sv_176
1	153287772	sv_177
1	153305961	sv_180
1	153343360	sv_181
1	153453397	sv_182
1	153453398	sv_183
1	154837731	sv_185
1	155033002	sv_187
1	155033003	sv_188
1	157190890	sv_190
1	157987815	sv_191
1	157987816	sv_192
1	158601094	sv_193
1	158774695	sv_194
1	159661647	sv_195
1	159661648	sv_196
1	162380741	sv_197
1	165435043	sv_198
1	166261671	sv_200
1	166327365	sv_201
1	166327366	sv_202
1	166397847	sv_203
1	166838863	sv_205
1	166838864	sv_206
1	166876614	sv_207
1	170868467	sv_208
1	170868468	sv_209
1	172316296	sv_210
1	173400365	sv_212
1	173400366	sv_213
1	173587061	sv_214
1	173658747	sv_215
1	173658748	sv_216
1	173885606	sv_217
1	173885607	sv_218
1	174306270	sv_219
1	174889070	sv_220
1	174889071	sv_221
1	175305494	sv_222
1	175402061	sv_223
1	175402062	sv_224
1	175527744	sv_225
1	175821458	sv_226
1	175821459	sv_227
1	175865263	sv_228
1	175906213	sv_230
1	176750322	sv_231
1	176750323	sv_232
1	177009254	sv_233
1	177366627	sv_234
1	177366628	sv_235
1	177805434	sv_236
1	178006517	sv_237
1	178229695	sv_238
1	178646047	sv_239
1	179042383	sv_240
1	179042384	sv_241
1	180631114	sv_243
1	181692192	sv_244
1	182506389	sv_247
1	184046847	sv_249
1	184247891	sv_250
1	184330046	sv_251
1	186164877	sv_252
1	186164878	sv_253
1	186304045	sv_254
1	186418701	sv_255
1	192973334	sv_257
1	195751519	sv_259
1	196844709	sv_260
1	197114609	sv_262
1	197114610	sv_263
1	200384281	sv_264
1	201462552	sv_265
1	201821998	sv_266
1	202874775	sv_267
1	202874776	sv_268
1	204003042	sv_269
1	204558039	sv_270
1	204962383	sv_271
1	205136514	sv_272
1	205136515	sv_273
1	208179079	sv_274
1	208879346	sv_275
1	208879347	sv_276
1	209415632	sv_277
1	209415633	sv_278
1	209443412	sv_279
1	209453030	sv_280
1	209612632	sv_281
1	210395373	sv_284
1	210395374	sv_285
1	210627601	sv_286
1	210941243	sv_287
1	211234259	sv_288
1	211234260	sv_289
1	214012562	sv_290
1	214055079	sv_291
1	216147362	sv_292
1	216457003	sv_293
1	219750240	sv_294
1	219750241	sv_295
1	222513765	sv_296
1	224355368	sv_297
1	224506023	sv_298
1	224506024	sv_299
1	227365289	sv_300
1	227365290	sv_301
1	227780407	sv_302
1	233640656	sv_303
1	236422212	sv_304
1	236422213	sv_305
1	236782213	sv_306
1	236993389	sv_307
1	236993390	sv_308
1	237327197	sv_309
1	237327198	sv_310
1	238880340	sv_311
1	238880341	sv_312
1	239118670	sv_313
1	239118671	sv_314
1	240331980	sv_315
1	240331981	sv_316
1	240806081	sv_317
1	240806082	sv_318
1	241481589	sv_319
1	241481590	sv_320
1	243338700	sv_321
1	243338701	sv_322
1	244379805	sv_323
1	245680401	sv_324
1	245680402	sv_325
2	266950	sv_326
2	418989	sv_327
2	2657965	sv_328
2	4240051	sv_329
2	5056554	sv_330
2	5778440	sv_331
2	5778441	sv_332
2	6390537	sv_333
2	6541300	sv_334
2	6541301	sv_335
2	6579667	sv_336
2	6579668	sv_337
2	12180515	sv_338
2	16956285	sv_339
2	16956286	sv_340
2	17198646	sv_341
2	17198647	sv_342
2	17568108	sv_343
2	18011180	sv_344
2	20855889	sv_345
2	20855890	sv_346
2	22060071	sv_347
2	23181089	sv_348
2	23181090	sv_349
2	26994131	sv_350
2	27803947	sv_351
2	30760897	sv_352
2	30760898	sv_353
2	30825136	sv_355
2	31861220	sv_356
2	32769937	sv_357
2	33768736	sv_358
2	35795100	sv_360
2	38170111	sv_362
2	39993284	sv_363
2	50091519	sv_366
2	50629327	sv_367
2	50886202	sv_368
2	51326317	sv_369
2	51838073	sv_370
2	52250728	sv_371
2	52417906	sv_372
2	52888062	sv_373
2	52954760	sv_374
2	53000795	sv_375
2	53000796	sv_376
2	54056509	sv_377
2	55025945	sv_378
2	55210178	sv_379
2	55981213	sv_380
2	56311638	sv_381
2	57214692	sv_382
2	57214693	sv_383
2	60163115	sv_384
2	60163116	sv_385
2	61315960	sv_386
2	62664667	sv_387
2	63862484	sv_389
2	65714656	sv_390
2	67910879	sv_392
2	67910880	sv_393
2	68411831	sv_394
2	69213669	sv_396
2	69213670	sv_397
2	71505955	sv_398
2	73056774	sv_399
2	75510759	sv_401
2	76571756	sv_404
2	81417777	sv_405
2	84868457	sv_407
2	84868458	sv_408
2	86090586	sv_410
2	86090587	sv_411
2	86225936	sv_412
2	86264644	sv_413
2	86264645	sv_414
2	87593566	sv_417
2	87593567	sv_418
2	87861934	sv_419
2	87861935	sv_420
2	88375722	sv_421
2	89300443	sv_423
2	89671216	sv_424
2	90128612	sv_425
2	90199075	sv_426
2	90607495	sv_427
2	90962444	sv_429
2	91001564	sv_430
2	91250848	sv_432
2	92316691	sv_433
2	93541527	sv_434
2	93541528	sv_435
2	93591683	sv_436
2	96290785	sv_437
2	96965527	sv_440
2	96965528	sv_441
2	98117352	sv_442
2	101127407	sv_444
2	101127408	sv_445
2	101589892	sv_446
2	101589893	sv_447
2	103613100	sv_448
2	104539699	sv_449
2	105155185	sv_450
2	111286837	sv_451
2	111286838	sv_452
2	111980794	sv_453
2	112525986	sv_454
2	112525987	sv_455
2	112677407	sv_456
2	112677408	sv_457
2	112839268	sv_458
2	112839269	sv_459
2	113627821	sv_460
2	114812123	sv_461
2	114812124	sv_462
2	116221558	sv_463
2	117311647	sv_464
2	119282386	sv_466
2	119282387	sv_467
2	120275632	sv_468
2	121298238	sv_469
2	121298239	sv_470
2	122777285	sv_471
2	124163372	sv_473
2	128975263	sv_475
2	129066078	sv_476
2	130889531	sv_477
2	132047057	sv_478
2	132313901	sv_479
2	134175898	sv_480
2	135582164	sv_481
2	136728033	sv_482
2	137079529	sv_484
2	137274217	sv_485
2	137949485	sv_486
2	138227116	sv_487
2	138592699	sv_488
2	138808346	sv_489
2	139239577	sv_490
2	139239578	sv_491
2	141350140	sv_492
2	142306308	sv_493
2	145819493	sv_494
2	145819494	sv_495
2	149772147	sv_496
2	150368886	sv_497
2	150368887	sv_498
2	152390780	sv_499
2	153399814	sv_500
2	154086941	sv_501
2	154962776	sv_502
2	156394074	sv_503
2	157526302	sv_504
2	157526303	sv_505
2	158407650	sv_506
2	158715782	sv_508
2	158800422	sv_509
2	161174484	sv_511
2	161587692	sv_512
2	161751755	sv_513
2	162343856	sv_514
2	162343857	sv_515
2	162804718	sv_516
2	162804719	sv_517
2	163371069	sv_518
2	164179575	sv_519
2	165155837	sv_520
2	166029154	sv_521
2	166029155	sv_522
2	166979612	sv_523
2	168823616	sv_524
2	172073752	sv_525
2	172143474	sv_526
2	172379409	sv_527
2	178234050	sv_528
2	178234051	sv_529
2	179638520	sv_530
2	182130746	sv_531
2	182340410	sv_532
2	183334365	sv_533
2	184495129	sv_534
2	187155994	sv_535
2	187155995	sv_536
2	187966565	sv_538
2	188047999	sv_539
2	188232439	sv_540
2	190401639	sv_542
2	190417960	sv_543
2	190503833	sv_544
2	191628565	sv_546
2	191628566	sv_547
2	192376030	sv_548
2	192376031	sv_549
2	197789868	sv_550
2	199290370	sv_552
2	199681589	sv_553
2	202151179	sv_556
2	204244868	sv_557
2	204244869	sv_558
2	204329609	sv_559
2	204329610	sv_560
2	204770435	sv_561
2	206947160	sv_562
2	206947161	sv_563
2	209453317	sv_565
2	212819413	sv_566
2	212819414	sv_567
2	213067345	sv_568
2	213258091	sv_569
2	213644573	sv_570
2	213799423	sv_571
2	214524905	sv_572
2	218240475	sv_573
2	223545247	sv_574
2	224304657	sv_575
2	227292696	sv_577
2	227552909	sv_578
2	229255367	sv_579
2	230899525	sv_580
2	232691391	sv_581
2	233520312	sv_582
2	233520313	sv_583
2	236232664	sv_584
2	236232665	sv_585
2	236679030	sv_586
2	236712433	sv_587
2	236928750	sv_588
2	236928751	sv_589
2	237473058	sv_590
2	238634194	sv_591
2	238634195	sv_592
2	238713408	sv_593
2	239380391	sv_594
2	241211782	sv_595
2	241851350	sv_596
2	241879297	sv_597
1	5621919	snv_0
1	24109390	snv_2
1	31823758	snv_4
1	41286939	snv_7
1	54561084	snv_9
1	64051868	snv_10
1	89864848	snv_12
1	108483996	snv_14
1	113441384	snv_15
1	126219512	snv_18
1	128835807	snv_19
1	134429679	snv_20
1	136609255	snv_21
1	150036707	snv_26
1	167310993	snv_28
1	174745083	snv_30
1	174938015	snv_31
1	193793772	snv_35
1	194045044	snv_36
1	198747025	snv_37
1	211365440	snv_39
1	218135469	snv_40
1	227422164	snv_42
1	227575579	snv_43
2	4814179	snv_44
2	6370898	snv_45
2	31542325	snv_47
2	34606232	snv_49
2	45340161	snv_52
2	45583874	snv_53
2	61098797	snv_57
2	63686187	snv_58
2	88825420	snv_62
2	100354655	snv_65
2	104478336	snv_66
2	111586745	snv_67
2	113534212	snv_68
2	115535497	snv_69
2	138190843	snv_74
2	141709935	snv_75
2	142567631	snv_76
2	147585742	snv_77
2	148456577	snv_78
2	155142158	snv_79
2	194508544	snv_81
2	197292821	snv_82
2	228254690	snv_85
2	236830769	snv_87
