1	31773990	sv_0
1	34700174	sv_1
1	37338417	sv_2
1	37338418	sv_3
1	43841396	sv_4
1	43841397	sv_5
1	76250859	sv_6
1	79005053	sv_7
1	179064171	sv_8
1	182031941	sv_9
2	115810240	sv_10
2	115810241	sv_11
2	128478821	sv_12
2	128478822	sv_13
2	200451960	sv_14
2	203472480	sv_15
1	47797315	snv_0
1	113351818	snv_1
1	215447776	snv_2
2	29817256	snv_3
2	40813831	snv_4
2	82146852	snv_5
2	101592724	snv_6
2	134538260	snv_7
1	0	cnv0
1	31773990	cnv1
1	34700175	cnv2
1	37338418	cnv3
1	43841397	cnv4
1	76250860	cnv5
1	79005053	cnv6
1	179064172	cnv7
1	182031941	cnv8
2	0	cnv9
2	115810241	cnv10
2	128478822	cnv11
2	200451961	cnv12
2	203472480	cnv13
1	0	cnv0
1	31773990	cnv1
1	34700175	cnv2
1	37338418	cnv3
1	43841397	cnv4
1	76250860	cnv5
1	79005053	cnv6
1	179064172	cnv7
1	182031941	cnv8
2	0	cnv9
2	115810241	cnv10
2	128478822	cnv11
2	200451961	cnv12
2	203472480	cnv13
